cash_real_return,statutory_cash_p50_B,statutory_port_p50_B,norway_cash_p50_B,norway_port_p50_B,statutory_port_minus_cash_medianW_B,statutory_port_minus_cash_pathmedian_B,statutory_port_minus_cash_p10_B,statutory_port_minus_cash_p90_B,P(statutory_port>cash),norway_port_minus_cash_medianW_B,norway_port_minus_cash_pathmedian_B,norway_port_minus_cash_p10_B,norway_port_minus_cash_p90_B,P(norway_port>cash),statutory_withdrawals_identical,stat_spread_medofeach_rho00_B,stat_spread_pathmedian_rho00_B,stat_spread_medofeach_rho03_B,stat_spread_pathmedian_rho03_B,stat_spread_medofeach_rho05_B,stat_spread_pathmedian_rho05_B,stat_spread_medofeach_rho08_B,stat_spread_pathmedian_rho08_B,stat_spread_medofeach_rho10_B,stat_spread_pathmedian_rho10_B,stat_spread_medofeach_rho15_B,stat_spread_pathmedian_rho15_B,rho_star,rho_star_rule_only_cash
0.0,297.25428702187793,328.5035834568716,209.70597173317952,282.0192494285143,31.249296434993653,29.766647874025484,-3.531658764093738,103.97598403821371,0.863,72.31327769533476,71.27999709900631,-3.619869193771927,200.02746569762985,0.8855,True,30.74199885395967,29.766647874025484,31.059950956001614,29.766647874025484,31.249296434993653,29.766647874025484,31.291807042803555,29.766647874025512,32.42024450243025,29.766647874025512,36.57093015612941,29.76664787402539,0.04361061294122011,9.421251879758607e-06
0.0025,299.7618493072654,328.5035834568716,215.38456310555262,282.0192494285143,28.741734149606202,27.327935559458467,-6.0988713850625285,100.86955624689696,0.8385,66.63468632296167,65.60670356830684,-9.51128551950324,193.84718484303752,0.859,True,28.2498228073525,27.327935559458496,28.531796649777817,27.327935559458496,28.741734149606202,27.327935559458467,28.812285398651,27.327935559458496,29.80921266927112,27.327935559458496,34.08986548827011,27.327935559458496,0.04241905675696217,0.002508975131086118
0.005,302.45296279865505,328.5035834568716,221.32063788137458,282.0192494285143,26.05062065821653,24.792923590730286,-8.621626927420202,97.85531360723303,0.8071,60.698611547139706,59.72352267155864,-15.391653417355386,187.40837092900264,0.8324,True,25.62174891091783,24.792923590730325,25.843025606280207,24.7929235907303,26.05062065821653,24.792923590730286,26.22934661039659,24.792923590730286,27.148720444793753,24.792923590730286,31.626984756829188,24.792923590730346,0.041179003169681885,0.005010993825608238
0.0075,305.2574836946173,328.5035834568716,227.51996710732806,282.0192494285143,23.24609976225429,22.105665386485445,-11.5720679295046,95.22145001996518,0.7745,54.49928232118623,53.317660522893846,-21.738834356454,180.8397789625325,0.7995,True,22.836826248511272,22.105665386485445,23.03825056331931,22.105665386485445,23.24609976225429,22.105665386485445,23.394913786909513,22.105665386485473,24.300025764700763,22.105665386485473,28.87696952331339,22.105665386485352,0.03983191105940023,0.007511619742372205
0.01,308.2665919112503,328.5035834568716,234.02371768572846,282.0192494285143,20.236991545621265,19.341481387772276,-14.70471351254557,91.66751088673051,0.7425,47.99553174278583,46.85881902589524,-28.274494313748562,174.31347091767978,0.7637,True,19.885008377450305,19.341481387772262,20.060300089444496,19.341481387772262,20.236991545621265,19.341481387772276,20.389709330720677,19.341481387772276,21.39582120744967,19.341481387772276,25.851219758837942,19.341481387772216,0.0383956140169812,0.010011281281576884
0.0125,311.3955700129355,328.5035834568716,240.76841701138648,282.0192494285143,17.108013443936102,16.504027210358917,-17.961503186927416,87.87113537279906,0.7059,41.25083241712781,40.11459435685005,-35.23473545283315,167.40822156776272,0.7274,True,16.74129096256172,16.504027210358903,16.873891146226356,16.504027210358903,17.108013443936102,16.504027210358917,17.277988923687474,16.504027210358917,18.41874420172053,16.50402721035889,22.720498763136447,16.50402721035889,0.03675061052877027,0.012511915200093426
0.015,314.6461229341435,328.5035834568716,247.7921114202394,282.0192494285143,13.857460522728104,13.256486590779266,-21.492179115242358,84.0387108749774,0.6646,34.22713800827489,33.105102186583586,-42.285936727156056,160.15269577117175,0.6889,True,13.555111776751147,13.256486590779252,13.584566398632404,13.256486590779266,13.857460522728104,13.256486590779266,13.95028725327478,13.256486590779266,15.310649496815017,13.256486590779296,19.314562570787757,13.256486590779176,0.03495633349967647,0.015013358685237108
0.02,321.73323050926894,328.5035834568716,262.74701562144867,282.0192494285143,6.770352947602646,6.379503735537415,-29.189096012853568,75.66717624762865,0.5781,19.272233807065618,18.13118738138379,-57.72193017810597,145.0109426987045,0.6032,True,6.548630543591145,6.3795037355373685,6.604633947923304,6.3795037355373685,6.770352947602646,6.379503735537415,6.914232980343513,6.379503735537415,8.26023197435893,6.379503735537353,12.420958864997601,6.379503735537353,0.030913380432803027,0.020013827428692822
0.022,324.7772155296167,328.5035834568716,269.11541702064295,282.0192494285143,3.7263679272548984,3.5598030602782593,-32.74970734510143,72.53186237581421,0.5419,12.903832407871334,11.806119789122102,-64.37559899692471,138.09799193648195,0.5631,True,3.531706352408122,3.55980306027829,3.601204347729009,3.559803060278305,3.7263679272548984,3.5598030602782593,3.928290538898409,3.559803060278351,5.199520170377809,3.5598030602782593,9.331434761089895,3.55980306027832,0.029107152927399516,0.022011766640252978
0.0225,325.57826640823544,328.5035834568716,270.7322924460168,282.0192494285143,2.9253170486361455,2.8389297908424074,-33.66009233008934,71.63474997257066,0.5327,11.286956982497486,10.201465892068054,-66.10641258684385,136.48251683244757,0.5549,True,2.769531852722764,2.8389297908424074,2.848066074110932,2.8389297908424376,2.9253170486361455,2.8389297908424074,3.1650572132948014,2.8389297908424074,4.42626015261726,2.838929790842468,8.548022301049286,2.8389297908424074,0.02861431184740469,0.02251159740509137
0.023,326.4015078158387,328.5035834568716,272.36331934821834,282.0192494285143,2.1020756410328545,2.1123764978509523,-34.63416139476347,70.71986493578328,0.524,9.655930080295946,8.57401311523706,-67.84839149731907,134.89495388718834,0.5455,True,1.993690428610165,2.1123764978509367,2.0464391931134287,2.1123764978509367,2.1020756410328545,2.1123764978509523,2.3687813252470846,2.1123764978509216,3.671022096503748,2.112376497850891,7.744994984236882,2.1123764978509523,0.028166128499715344,0.023011773456228186
0.0235,327.1582929490858,328.5035834568716,274.0032098785636,282.0192494285143,1.3452905077857622,1.4005255943536834,-35.45938955998251,69.95703357309701,0.515,8.016039549950676,6.833792721860352,-69.55181955583822,133.34656537964747,0.5361,True,1.1432006112368356,1.4005255943536912,1.2364722946039137,1.4005255943536987,1.3452905077857622,1.4005255943536834,1.56964301052966,1.4005255943536683,2.83009279442399,1.4005255943536987,6.953804973400793,1.4005255943537598,0.027598477526416906,0.02351138734597953
0.024,327.93978967652134,328.5035834568716,275.66023450134384,282.0192494285143,0.5637937803502382,0.666607496722168,-36.39755287634669,68.9192383535894,0.5062,6.359014927170449,5.270002208517319,-71.15902377944695,131.61934553679833,0.527,True,0.3304429537875251,0.6666074967221832,0.4206211264492481,0.666607496722168,0.5637937803502382,0.666607496722168,0.7217737064332255,0.666607496722168,2.041313987366152,0.666607496722168,6.1527257687687325,0.66660749672229,0.027109473817317854,0.024010591609467162
0.0245,328.7655731284558,328.5035834568716,277.3188064274827,282.0192494285143,-0.2619896715842174,-0.06877170576452636,-37.30647949257488,68.03692701972751,0.4994,4.700443001031601,3.7223099155223696,-72.92717137226722,129.79211318658147,0.5191,True,-0.5014800052373971,-0.06877170576454163,-0.4173051179359959,-0.06877170576454163,-0.2619896715842174,-0.06877170576452636,-0.11357117907789416,-0.0687717057645874,1.233201127313805,-0.06877170576452636,5.355117228370091,-0.06877170576440429,0.026553801226518778,0.024509875950507194
0.025,329.57840030260303,328.5035834568716,279.01565388428526,282.0192494285143,-1.0748168457314478,-0.8675035093433228,-38.18179660669769,67.20436998619856,0.4903,3.0035955442290287,2.0939132393965605,-74.71456822853052,128.27717110221076,0.5097,True,-1.3403235596055936,-0.8675035093433228,-1.2338321167758863,-0.8675035093432922,-1.0748168457314478,-0.8675035093433228,-0.9197339585446684,-0.8675035093433533,0.4247732070710981,-0.8675035093433228,4.481418687741552,-0.8675035093432617,0.025978827685585203,0.025010147434213648
0.0255,330.38084218772656,328.5035834568716,280.6998134922038,282.0192494285143,-1.877258730854976,-1.676645681135315,-39.18231810719108,66.21065879269452,0.4823,1.3194359363104695,0.3868681097599182,-76.54306991790864,126.68529215938837,0.5024,True,-2.182876156919235,-1.6766456811353303,-2.0424421665387626,-1.6766456811353303,-1.877258730854976,-1.676645681135315,-1.7209507056934967,-1.676645681135315,-0.3956734837544218,-1.676645681135376,3.617931203355056,-1.676645681135254,0.025377444713731163,0.025510391292655192
0.026,331.2304636551282,328.5035834568716,282.4139983666908,282.0192494285143,-2.7268801982565947,-2.4195286963688964,-40.13031761953056,65.2357252682834,0.4713,-0.39474893817651946,-1.245241875534256,-78.33776333459429,124.92771710264083,0.493,True,-2.9984566762825295,-2.4195286963688964,-2.90042576485331,-2.4195286963688964,-2.7268801982565947,-2.4195286963688964,-2.5349099508109703,-2.419528696368866,-1.2677243899286168,-2.4195286963688964,2.846270688168943,-2.4195286963687743,0.024793583983509962,0.026010388811528173
0.03,338.27881986332045,328.5035834568716,296.64019949007286,282.0192494285143,-9.775236406448869,-9.102514751712754,-48.68201903788726,57.44966093005039,0.4041,-14.620950061558574,-15.609171819921691,-93.4087105400981,110.88014003473886,0.4222,True,-10.01472811740345,-9.102514751712754,-9.95887784375742,-9.102514751712768,-9.775236406448869,-9.102514751712754,-9.43568309887388,-9.102514751712768,-8.14309753656994,-9.102514751712707,-4.182403525054042,-9.102514751712768,0.01940771564996794,0.03000997221716717
